combo,groups,M74,M77,M79,M80,M81,M82,M85,M87
1,EFGHIJKL,F,G,E,K,I,H,J,L
2,DFGHIJKL,D,F,H,K,I,J,G,L
3,DEGHIJKL,D,G,E,K,I,H,J,L
4,DEFHIJKL,D,F,E,K,I,H,J,L
5,DEFGIJKL,D,F,E,K,I,J,G,L
6,DEFGHJKL,D,F,E,K,J,H,G,L
7,DEFGHIKL,D,F,E,K,I,H,G,L
8,DEFGHIJL,D,F,E,I,J,H,G,L
9,DEFGHIJK,D,F,E,K,J,H,G,I
10,CFGHIJKL,C,F,H,K,I,J,G,L
11,CEGHIJKL,C,G,E,K,I,H,J,L
12,CEFHIJKL,C,F,E,K,I,H,J,L
13,CEFGIJKL,C,F,E,K,I,J,G,L
14,CEFGHJKL,C,F,E,K,J,H,G,L
15,CEFGHIKL,C,F,E,K,I,H,G,L
16,CEFGHIJL,C,F,E,I,J,H,G,L
17,CEFGHIJK,C,F,E,K,J,H,G,I
18,CDGHIJKL,C,D,H,K,I,J,G,L
19,CDFHIJKL,D,F,C,K,I,H,J,L
20,CDFGIJKL,D,F,C,K,I,J,G,L
21,CDFGHJKL,D,F,C,K,J,H,G,L
22,CDFGHIKL,D,F,C,K,I,H,G,L
23,CDFGHIJL,D,F,C,I,J,H,G,L
24,CDFGHIJK,D,F,C,K,J,H,G,I
25,CDEHIJKL,C,D,E,K,I,H,J,L
26,CDEGIJKL,C,D,E,K,I,J,G,L
27,CDEGHJKL,C,D,E,K,J,H,G,L
28,CDEGHIKL,C,D,E,K,I,H,G,L
29,CDEGHIJL,C,D,E,I,J,H,G,L
30,CDEGHIJK,C,D,E,K,J,H,G,I
31,CDEFIJKL,D,F,C,K,E,I,J,L
32,CDEFHJKL,D,F,C,K,E,H,J,L
33,CDEFHIKL,D,F,C,K,I,H,E,L
34,CDEFHIJL,D,F,C,I,E,H,J,L
35,CDEFHIJK,D,F,C,K,E,H,J,I
36,CDEFGJKL,D,F,C,K,E,J,G,L
37,CDEFGIKL,D,F,C,K,E,I,G,L
38,CDEFGIJL,D,F,C,I,E,J,G,L
39,CDEFGIJK,D,F,C,K,E,J,G,I
40,CDEFGHKL,D,F,C,K,E,H,G,L
41,CDEFGHJL,D,F,C,E,J,H,G,L
42,CDEFGHJK,D,F,C,K,J,H,G,E
43,CDEFGHIL,D,F,C,I,E,H,G,L
44,CDEFGHIK,D,F,C,K,E,H,G,I
45,CDEFGHIJ,D,F,C,I,J,H,G,E
46,BFGHIJKL,F,G,H,K,B,I,J,L
47,BEGHIJKL,B,G,E,K,I,H,J,L
48,BEFHIJKL,F,H,E,K,B,I,J,L
49,BEFGIJKL,F,G,E,K,B,I,J,L
50,BEFGHJKL,F,G,E,K,B,H,J,L
51,BEFGHIKL,F,H,E,K,B,I,G,L
52,BEFGHIJL,F,G,E,I,B,H,J,L
53,BEFGHIJK,F,G,E,K,B,H,J,I
54,BDGHIJKL,D,G,H,K,B,I,J,L
55,BDFHIJKL,D,F,H,K,B,I,J,L
56,BDFGIJKL,D,F,I,K,B,J,G,L
57,BDFGHJKL,D,F,H,K,B,J,G,L
58,BDFGHIKL,D,F,H,K,B,I,G,L
59,BDFGHIJL,D,F,H,I,B,J,G,L
60,BDFGHIJK,D,F,H,K,B,J,G,I
61,BDEHIJKL,D,H,E,K,B,I,J,L
62,BDEGIJKL,D,G,E,K,B,I,J,L
63,BDEGHJKL,D,G,E,K,B,H,J,L
64,BDEGHIKL,D,H,E,K,B,I,G,L
65,BDEGHIJL,D,G,E,I,B,H,J,L
66,BDEGHIJK,D,G,E,K,B,H,J,I
67,BDEFIJKL,D,F,E,K,B,I,J,L
68,BDEFHJKL,D,F,E,K,B,H,J,L
69,BDEFHIKL,D,F,E,K,B,H,I,L
70,BDEFHIJL,D,F,E,I,B,H,J,L
71,BDEFHIJK,D,F,E,K,B,H,J,I
72,BDEFGJKL,D,F,E,K,B,J,G,L
73,BDEFGIKL,D,F,E,K,B,I,G,L
74,BDEFGIJL,D,F,E,I,B,J,G,L
75,BDEFGIJK,D,F,E,K,B,J,G,I
76,BDEFGHKL,D,F,E,K,B,H,G,L
77,BDEFGHJL,D,F,H,E,B,J,G,L
78,BDEFGHJK,D,F,H,K,B,J,G,E
79,BDEFGHIL,D,F,E,I,B,H,G,L
80,BDEFGHIK,D,F,E,K,B,H,G,I
81,BDEFGHIJ,D,F,H,I,B,J,G,E
82,BCGHIJKL,C,G,H,K,B,I,J,L
83,BCFHIJKL,C,F,H,K,B,I,J,L
84,BCFGIJKL,C,F,I,K,B,J,G,L
85,BCFGHJKL,C,F,H,K,B,J,G,L
86,BCFGHIKL,C,F,H,K,B,I,G,L
87,BCFGHIJL,C,F,H,I,B,J,G,L
88,BCFGHIJK,C,F,H,K,B,J,G,I
89,BCEHIJKL,C,H,E,K,B,I,J,L
90,BCEGIJKL,C,G,E,K,B,I,J,L
91,BCEGHJKL,C,G,E,K,B,H,J,L
92,BCEGHIKL,C,H,E,K,B,I,G,L
93,BCEGHIJL,C,G,E,I,B,H,J,L
94,BCEGHIJK,C,G,E,K,B,H,J,I
95,BCEFIJKL,C,F,E,K,B,I,J,L
96,BCEFHJKL,C,F,E,K,B,H,J,L
97,BCEFHIKL,C,F,E,K,B,H,I,L
98,BCEFHIJL,C,F,E,I,B,H,J,L
99,BCEFHIJK,C,F,E,K,B,H,J,I
100,BCEFGJKL,C,F,E,K,B,J,G,L
101,BCEFGIKL,C,F,E,K,B,I,G,L
102,BCEFGIJL,C,F,E,I,B,J,G,L
103,BCEFGIJK,C,F,E,K,B,J,G,I
104,BCEFGHKL,C,F,E,K,B,H,G,L
105,BCEFGHJL,C,F,H,E,B,J,G,L
106,BCEFGHJK,C,F,H,K,B,J,G,E
107,BCEFGHIL,C,F,E,I,B,H,G,L
108,BCEFGHIK,C,F,E,K,B,H,G,I
109,BCEFGHIJ,C,F,H,I,B,J,G,E
110,BCDHIJKL,C,D,H,K,B,I,J,L
111,BCDGIJKL,C,D,I,K,B,J,G,L
112,BCDGHJKL,C,D,H,K,B,J,G,L
113,BCDGHIKL,C,D,H,K,B,I,G,L
114,BCDGHIJL,C,D,H,I,B,J,G,L
115,BCDGHIJK,C,D,H,K,B,J,G,I
116,BCDFIJKL,D,F,C,K,B,I,J,L
117,BCDFHJKL,D,F,C,K,B,H,J,L
118,BCDFHIKL,D,F,C,K,B,H,I,L
119,BCDFHIJL,D,F,C,I,B,H,J,L
120,BCDFHIJK,D,F,C,K,B,H,J,I
121,BCDFGJKL,D,F,C,K,B,J,G,L
122,BCDFGIKL,D,F,C,K,B,I,G,L
123,BCDFGIJL,D,F,C,I,B,J,G,L
124,BCDFGIJK,D,F,C,K,B,J,G,I
125,BCDFGHKL,D,F,C,K,B,H,G,L
126,BCDFGHJL,D,F,C,J,B,H,G,L
127,BCDFGHJK,C,F,H,K,B,J,G,D
128,BCDFGHIL,D,F,C,I,B,H,G,L
129,BCDFGHIK,D,F,C,K,B,H,G,I
130,BCDFGHIJ,C,F,H,I,B,J,G,D
131,BCDEIJKL,C,D,E,K,B,I,J,L
132,BCDEHJKL,C,D,E,K,B,H,J,L
133,BCDEHIKL,C,D,E,K,B,H,I,L
134,BCDEHIJL,C,D,E,I,B,H,J,L
135,BCDEHIJK,C,D,E,K,B,H,J,I
136,BCDEGJKL,C,D,E,K,B,J,G,L
137,BCDEGIKL,C,D,E,K,B,I,G,L
138,BCDEGIJL,C,D,E,I,B,J,G,L
139,BCDEGIJK,C,D,E,K,B,J,G,I
140,BCDEGHKL,C,D,E,K,B,H,G,L
141,BCDEGHJL,C,D,H,E,B,J,G,L
142,BCDEGHJK,C,D,H,K,B,J,G,E
143,BCDEGHIL,C,D,E,I,B,H,G,L
144,BCDEGHIK,C,D,E,K,B,H,G,I
145,BCDEGHIJ,C,D,H,I,B,J,G,E
146,BCDEFJKL,D,F,C,K,B,E,J,L
147,BCDEFIKL,D,F,C,K,B,I,E,L
148,BCDEFIJL,D,F,C,I,B,E,J,L
149,BCDEFIJK,D,F,C,K,B,E,J,I
150,BCDEFHKL,D,F,C,K,B,H,E,L
151,BCDEFHJL,D,F,C,E,B,H,J,L
152,BCDEFHJK,D,F,C,K,B,H,J,E
153,BCDEFHIL,D,F,C,I,B,H,E,L
154,BCDEFHIK,D,F,C,K,B,H,E,I
155,BCDEFHIJ,D,F,C,I,B,H,J,E
156,BCDEFGKL,D,F,C,K,B,E,G,L
157,BCDEFGJL,D,F,C,E,B,J,G,L
158,BCDEFGJK,D,F,C,K,B,J,G,E
159,BCDEFGIL,D,F,C,I,B,E,G,L
160,BCDEFGIK,D,F,C,K,B,E,G,I
161,BCDEFGIJ,D,F,C,I,B,J,G,E
162,BCDEFGHL,D,F,C,E,B,H,G,L
163,BCDEFGHK,D,F,C,K,B,H,G,E
164,BCDEFGHJ,C,F,H,E,B,J,G,D
165,BCDEFGHI,D,F,C,I,B,H,G,E
166,AFGHIJKL,F,G,H,K,I,A,J,L
167,AEGHIJKL,A,G,E,K,I,H,J,L
168,AEFHIJKL,F,H,E,K,I,A,J,L
169,AEFGIJKL,F,G,E,K,I,A,J,L
170,AEFGHJKL,F,H,E,K,J,A,G,L
171,AEFGHIKL,F,H,E,K,I,A,G,L
172,AEFGHIJL,F,H,E,I,J,A,G,L
173,AEFGHIJK,F,H,E,K,J,A,G,I
174,ADGHIJKL,D,G,H,K,I,A,J,L
175,ADFHIJKL,D,F,H,K,I,A,J,L
176,ADFGIJKL,D,F,I,K,J,A,G,L
177,ADFGHJKL,D,F,H,K,J,A,G,L
178,ADFGHIKL,D,F,H,K,I,A,G,L
179,ADFGHIJL,D,F,H,I,J,A,G,L
180,ADFGHIJK,D,F,H,K,J,A,G,I
181,ADEHIJKL,D,H,E,K,I,A,J,L
182,ADEGIJKL,D,G,E,K,I,A,J,L
183,ADEGHJKL,D,H,E,K,J,A,G,L
184,ADEGHIKL,D,H,E,K,I,A,G,L
185,ADEGHIJL,D,H,E,I,J,A,G,L
186,ADEGHIJK,D,H,E,K,J,A,G,I
187,ADEFIJKL,D,F,E,K,I,A,J,L
188,ADEFHJKL,D,F,H,K,E,A,J,L
189,ADEFHIKL,D,F,H,K,I,A,E,L
190,ADEFHIJL,D,F,H,I,E,A,J,L
191,ADEFHIJK,D,F,H,K,E,A,J,I
192,ADEFGJKL,D,F,E,K,J,A,G,L
193,ADEFGIKL,D,F,E,K,I,A,G,L
194,ADEFGIJL,D,F,E,I,J,A,G,L
195,ADEFGIJK,D,F,E,K,J,A,G,I
196,ADEFGHKL,D,F,H,K,E,A,G,L
197,ADEFGHJL,D,F,H,E,J,A,G,L
198,ADEFGHJK,D,F,H,K,J,A,G,E
199,ADEFGHIL,D,F,H,I,E,A,G,L
200,ADEFGHIK,D,F,H,K,E,A,G,I
201,ADEFGHIJ,D,F,H,I,J,A,G,E
202,ACGHIJKL,C,G,H,K,I,A,J,L
203,ACFHIJKL,C,F,H,K,I,A,J,L
204,ACFGIJKL,C,F,I,K,J,A,G,L
205,ACFGHJKL,C,F,H,K,J,A,G,L
206,ACFGHIKL,C,F,H,K,I,A,G,L
207,ACFGHIJL,C,F,H,I,J,A,G,L
208,ACFGHIJK,C,F,H,K,J,A,G,I
209,ACEHIJKL,C,H,E,K,I,A,J,L
210,ACEGIJKL,C,G,E,K,I,A,J,L
211,ACEGHJKL,C,H,E,K,J,A,G,L
212,ACEGHIKL,C,H,E,K,I,A,G,L
213,ACEGHIJL,C,H,E,I,J,A,G,L
214,ACEGHIJK,C,H,E,K,J,A,G,I
215,ACEFIJKL,C,F,E,K,I,A,J,L
216,ACEFHJKL,C,F,H,K,E,A,J,L
217,ACEFHIKL,C,F,H,K,I,A,E,L
218,ACEFHIJL,C,F,H,I,E,A,J,L
219,ACEFHIJK,C,F,H,K,E,A,J,I
220,ACEFGJKL,C,F,E,K,J,A,G,L
221,ACEFGIKL,C,F,E,K,I,A,G,L
222,ACEFGIJL,C,F,E,I,J,A,G,L
223,ACEFGIJK,C,F,E,K,J,A,G,I
224,ACEFGHKL,C,F,H,K,E,A,G,L
225,ACEFGHJL,C,F,H,E,J,A,G,L
226,ACEFGHJK,C,F,H,K,J,A,G,E
227,ACEFGHIL,C,F,H,I,E,A,G,L
228,ACEFGHIK,C,F,H,K,E,A,G,I
229,ACEFGHIJ,C,F,H,I,J,A,G,E
230,ACDHIJKL,C,D,H,K,I,A,J,L
231,ACDGIJKL,C,D,I,K,J,A,G,L
232,ACDGHJKL,C,D,H,K,J,A,G,L
233,ACDGHIKL,C,D,H,K,I,A,G,L
234,ACDGHIJL,C,D,H,I,J,A,G,L
235,ACDGHIJK,C,D,H,K,J,A,G,I
236,ACDFIJKL,D,F,C,K,I,A,J,L
237,ACDFHJKL,C,D,H,K,F,A,J,L
238,ACDFHIKL,C,D,H,K,I,A,F,L
239,ACDFHIJL,C,D,H,I,F,A,J,L
240,ACDFHIJK,C,D,H,K,F,A,J,I
241,ACDFGJKL,D,F,C,K,J,A,G,L
242,ACDFGIKL,D,F,C,K,I,A,G,L
243,ACDFGIJL,D,F,C,I,J,A,G,L
244,ACDFGIJK,D,F,C,K,J,A,G,I
245,ACDFGHKL,C,D,H,K,F,A,G,L
246,ACDFGHJL,D,F,C,H,J,A,G,L
247,ACDFGHJK,C,F,H,K,J,A,G,D
248,ACDFGHIL,C,D,H,I,F,A,G,L
249,ACDFGHIK,C,D,H,K,F,A,G,I
250,ACDFGHIJ,C,F,H,I,J,A,G,D
251,ACDEIJKL,C,D,E,K,I,A,J,L
252,ACDEHJKL,C,D,H,K,E,A,J,L
253,ACDEHIKL,C,D,H,K,I,A,E,L
254,ACDEHIJL,C,D,H,I,E,A,J,L
255,ACDEHIJK,C,D,H,K,E,A,J,I
256,ACDEGJKL,C,D,E,K,J,A,G,L
257,ACDEGIKL,C,D,E,K,I,A,G,L
258,ACDEGIJL,C,D,E,I,J,A,G,L
259,ACDEGIJK,C,D,E,K,J,A,G,I
260,ACDEGHKL,C,D,H,K,E,A,G,L
261,ACDEGHJL,C,D,H,E,J,A,G,L
262,ACDEGHJK,C,D,H,K,J,A,G,E
263,ACDEGHIL,C,D,H,I,E,A,G,L
264,ACDEGHIK,C,D,H,K,E,A,G,I
265,ACDEGHIJ,C,D,H,I,J,A,G,E
266,ACDEFJKL,D,F,C,K,E,A,J,L
267,ACDEFIKL,D,F,C,K,I,A,E,L
268,ACDEFIJL,D,F,C,I,E,A,J,L
269,ACDEFIJK,D,F,C,K,E,A,J,I
270,ACDEFHKL,C,D,H,K,F,A,E,L
271,ACDEFHJL,C,D,H,E,F,A,J,L
272,ACDEFHJK,C,F,H,K,E,A,J,D
273,ACDEFHIL,C,D,H,I,F,A,E,L
274,ACDEFHIK,C,D,H,K,F,A,E,I
275,ACDEFHIJ,C,F,H,I,E,A,J,D
276,ACDEFGKL,D,F,C,K,E,A,G,L
277,ACDEFGJL,D,F,C,E,J,A,G,L
278,ACDEFGJK,D,F,C,K,J,A,G,E
279,ACDEFGIL,D,F,C,I,E,A,G,L
280,ACDEFGIK,D,F,C,K,E,A,G,I
281,ACDEFGIJ,D,F,C,I,J,A,G,E
282,ACDEFGHL,C,D,H,E,F,A,G,L
283,ACDEFGHK,C,F,H,K,E,A,G,D
284,ACDEFGHJ,C,F,H,E,J,A,G,D
285,ACDEFGHI,C,F,H,I,E,A,G,D
286,ABGHIJKL,A,G,H,K,B,I,J,L
287,ABFHIJKL,A,F,H,K,B,I,J,L
288,ABFGIJKL,F,G,I,K,B,A,J,L
289,ABFGHJKL,F,G,H,K,B,A,J,L
290,ABFGHIKL,A,F,H,K,B,I,G,L
291,ABFGHIJL,F,G,H,I,B,A,J,L
292,ABFGHIJK,F,G,H,K,B,A,J,I
293,ABEHIJKL,A,H,E,K,B,I,J,L
294,ABEGIJKL,A,G,E,K,B,I,J,L
295,ABEGHJKL,A,G,E,K,B,H,J,L
296,ABEGHIKL,A,H,E,K,B,I,G,L
297,ABEGHIJL,A,G,E,I,B,H,J,L
298,ABEGHIJK,A,G,E,K,B,H,J,I
299,ABEFIJKL,A,F,E,K,B,I,J,L
300,ABEFHJKL,F,H,E,K,B,A,J,L
301,ABEFHIKL,F,H,E,K,B,A,I,L
302,ABEFHIJL,F,H,E,I,B,A,J,L
303,ABEFHIJK,F,H,E,K,B,A,J,I
304,ABEFGJKL,F,G,E,K,B,A,J,L
305,ABEFGIKL,A,F,E,K,B,I,G,L
306,ABEFGIJL,F,G,E,I,B,A,J,L
307,ABEFGIJK,F,G,E,K,B,A,J,I
308,ABEFGHKL,F,H,E,K,B,A,G,L
309,ABEFGHJL,F,G,H,E,B,A,J,L
310,ABEFGHJK,F,G,H,K,B,A,J,E
311,ABEFGHIL,F,H,E,I,B,A,G,L
312,ABEFGHIK,F,H,E,K,B,A,G,I
313,ABEFGHIJ,F,G,H,I,B,A,J,E
314,ABDHIJKL,D,H,I,K,B,A,J,L
315,ABDGIJKL,D,G,I,K,B,A,J,L
316,ABDGHJKL,D,G,H,K,B,A,J,L
317,ABDGHIKL,D,H,I,K,B,A,G,L
318,ABDGHIJL,D,G,H,I,B,A,J,L
319,ABDGHIJK,D,G,H,K,B,A,J,I
320,ABDFIJKL,D,F,I,K,B,A,J,L
321,ABDFHJKL,D,F,H,K,B,A,J,L
322,ABDFHIKL,D,F,H,K,B,A,I,L
323,ABDFHIJL,D,F,H,I,B,A,J,L
324,ABDFHIJK,D,F,H,K,B,A,J,I
325,ABDFGJKL,D,G,F,K,B,A,J,L
326,ABDFGIKL,D,F,I,K,B,A,G,L
327,ABDFGIJL,D,G,F,I,B,A,J,L
328,ABDFGIJK,D,G,F,K,B,A,J,I
329,ABDFGHKL,D,F,H,K,B,A,G,L
330,ABDFGHJL,D,F,H,J,B,A,G,L
331,ABDFGHJK,D,F,H,K,B,A,G,J
332,ABDFGHIL,D,F,H,I,B,A,G,L
333,ABDFGHIK,D,F,H,K,B,A,G,I
334,ABDFGHIJ,D,F,H,J,B,A,G,I
335,ABDEIJKL,A,D,E,K,B,I,J,L
336,ABDEHJKL,D,H,E,K,B,A,J,L
337,ABDEHIKL,D,H,E,K,B,A,I,L
338,ABDEHIJL,D,H,E,I,B,A,J,L
339,ABDEHIJK,D,H,E,K,B,A,J,I
340,ABDEGJKL,D,G,E,K,B,A,J,L
341,ABDEGIKL,A,D,E,K,B,I,G,L
342,ABDEGIJL,D,G,E,I,B,A,J,L
343,ABDEGIJK,D,G,E,K,B,A,J,I
344,ABDEGHKL,D,H,E,K,B,A,G,L
345,ABDEGHJL,D,G,H,E,B,A,J,L
346,ABDEGHJK,D,G,H,K,B,A,J,E
347,ABDEGHIL,D,H,E,I,B,A,G,L
348,ABDEGHIK,D,H,E,K,B,A,G,I
349,ABDEGHIJ,D,G,H,I,B,A,J,E
350,ABDEFJKL,D,F,E,K,B,A,J,L
351,ABDEFIKL,D,F,E,K,B,A,I,L
352,ABDEFIJL,D,F,E,I,B,A,J,L
353,ABDEFIJK,D,F,E,K,B,A,J,I
354,ABDEFHKL,D,F,H,K,B,A,E,L
355,ABDEFHJL,D,F,H,E,B,A,J,L
356,ABDEFHJK,D,F,H,K,B,A,J,E
357,ABDEFHIL,D,F,H,I,B,A,E,L
358,ABDEFHIK,D,F,H,K,B,A,E,I
359,ABDEFHIJ,D,F,H,I,B,A,J,E
360,ABDEFGKL,D,F,E,K,B,A,G,L
361,ABDEFGJL,D,F,E,J,B,A,G,L
362,ABDEFGJK,D,F,E,K,B,A,G,J
363,ABDEFGIL,D,F,E,I,B,A,G,L
364,ABDEFGIK,D,F,E,K,B,A,G,I
365,ABDEFGIJ,D,F,E,J,B,A,G,I
366,ABDEFGHL,D,F,H,E,B,A,G,L
367,ABDEFGHK,D,F,H,K,B,A,G,E
368,ABDEFGHJ,D,F,H,J,B,A,G,E
369,ABDEFGHI,D,F,H,I,B,A,G,E
370,ABCHIJKL,C,H,I,K,B,A,J,L
371,ABCGIJKL,C,G,I,K,B,A,J,L
372,ABCGHJKL,C,G,H,K,B,A,J,L
373,ABCGHIKL,C,H,I,K,B,A,G,L
374,ABCGHIJL,C,G,H,I,B,A,J,L
375,ABCGHIJK,C,G,H,K,B,A,J,I
376,ABCFIJKL,C,F,I,K,B,A,J,L
377,ABCFHJKL,C,F,H,K,B,A,J,L
378,ABCFHIKL,C,F,H,K,B,A,I,L
379,ABCFHIJL,C,F,H,I,B,A,J,L
380,ABCFHIJK,C,F,H,K,B,A,J,I
381,ABCFGJKL,F,G,C,K,B,A,J,L
382,ABCFGIKL,C,F,I,K,B,A,G,L
383,ABCFGIJL,F,G,C,I,B,A,J,L
384,ABCFGIJK,F,G,C,K,B,A,J,I
385,ABCFGHKL,C,F,H,K,B,A,G,L
386,ABCFGHJL,C,F,H,J,B,A,G,L
387,ABCFGHJK,C,F,H,K,B,A,G,J
388,ABCFGHIL,C,F,H,I,B,A,G,L
389,ABCFGHIK,C,F,H,K,B,A,G,I
390,ABCFGHIJ,C,F,H,J,B,A,G,I
391,ABCEIJKL,A,C,E,K,B,I,J,L
392,ABCEHJKL,C,H,E,K,B,A,J,L
393,ABCEHIKL,C,H,E,K,B,A,I,L
394,ABCEHIJL,C,H,E,I,B,A,J,L
395,ABCEHIJK,C,H,E,K,B,A,J,I
396,ABCEGJKL,C,G,E,K,B,A,J,L
397,ABCEGIKL,A,C,E,K,B,I,G,L
398,ABCEGIJL,C,G,E,I,B,A,J,L
399,ABCEGIJK,C,G,E,K,B,A,J,I
400,ABCEGHKL,C,H,E,K,B,A,G,L
401,ABCEGHJL,C,G,H,E,B,A,J,L
402,ABCEGHJK,C,G,H,K,B,A,J,E
403,ABCEGHIL,C,H,E,I,B,A,G,L
404,ABCEGHIK,C,H,E,K,B,A,G,I
405,ABCEGHIJ,C,G,H,I,B,A,J,E
406,ABCEFJKL,C,F,E,K,B,A,J,L
407,ABCEFIKL,C,F,E,K,B,A,I,L
408,ABCEFIJL,C,F,E,I,B,A,J,L
409,ABCEFIJK,C,F,E,K,B,A,J,I
410,ABCEFHKL,C,F,H,K,B,A,E,L
411,ABCEFHJL,C,F,H,E,B,A,J,L
412,ABCEFHJK,C,F,H,K,B,A,J,E
413,ABCEFHIL,C,F,H,I,B,A,E,L
414,ABCEFHIK,C,F,H,K,B,A,E,I
415,ABCEFHIJ,C,F,H,I,B,A,J,E
416,ABCEFGKL,C,F,E,K,B,A,G,L
417,ABCEFGJL,C,F,E,J,B,A,G,L
418,ABCEFGJK,C,F,E,K,B,A,G,J
419,ABCEFGIL,C,F,E,I,B,A,G,L
420,ABCEFGIK,C,F,E,K,B,A,G,I
421,ABCEFGIJ,C,F,E,J,B,A,G,I
422,ABCEFGHL,C,F,H,E,B,A,G,L
423,ABCEFGHK,C,F,H,K,B,A,G,E
424,ABCEFGHJ,C,F,H,J,B,A,G,E
425,ABCEFGHI,C,F,H,I,B,A,G,E
426,ABCDIJKL,C,D,I,K,B,A,J,L
427,ABCDHJKL,C,D,H,K,B,A,J,L
428,ABCDHIKL,C,D,H,K,B,A,I,L
429,ABCDHIJL,C,D,H,I,B,A,J,L
430,ABCDHIJK,C,D,H,K,B,A,J,I
431,ABCDGJKL,D,G,C,K,B,A,J,L
432,ABCDGIKL,C,D,I,K,B,A,G,L
433,ABCDGIJL,D,G,C,I,B,A,J,L
434,ABCDGIJK,D,G,C,K,B,A,J,I
435,ABCDGHKL,C,D,H,K,B,A,G,L
436,ABCDGHJL,C,D,H,J,B,A,G,L
437,ABCDGHJK,C,D,H,K,B,A,G,J
438,ABCDGHIL,C,D,H,I,B,A,G,L
439,ABCDGHIK,C,D,H,K,B,A,G,I
440,ABCDGHIJ,C,D,H,J,B,A,G,I
441,ABCDFJKL,D,F,C,K,B,A,J,L
442,ABCDFIKL,D,F,C,K,B,A,I,L
443,ABCDFIJL,D,F,C,I,B,A,J,L
444,ABCDFIJK,D,F,C,K,B,A,J,I
445,ABCDFHKL,C,D,H,K,B,A,F,L
446,ABCDFHJL,D,F,C,H,B,A,J,L
447,ABCDFHJK,C,F,H,K,B,A,J,D
448,ABCDFHIL,C,D,H,I,B,A,F,L
449,ABCDFHIK,C,D,H,K,B,A,F,I
450,ABCDFHIJ,C,F,H,I,B,A,J,D
451,ABCDFGKL,D,F,C,K,B,A,G,L
452,ABCDFGJL,D,F,C,J,B,A,G,L
453,ABCDFGJK,D,F,C,K,B,A,G,J
454,ABCDFGIL,D,F,C,I,B,A,G,L
455,ABCDFGIK,D,F,C,K,B,A,G,I
456,ABCDFGIJ,D,F,C,J,B,A,G,I
457,ABCDFGHL,D,F,C,H,B,A,G,L
458,ABCDFGHK,C,F,H,K,B,A,G,D
459,ABCDFGHJ,C,F,H,J,B,A,G,D
460,ABCDFGHI,C,F,H,I,B,A,G,D
461,ABCDEJKL,C,D,E,K,B,A,J,L
462,ABCDEIKL,C,D,E,K,B,A,I,L
463,ABCDEIJL,C,D,E,I,B,A,J,L
464,ABCDEIJK,C,D,E,K,B,A,J,I
465,ABCDEHKL,C,D,H,K,B,A,E,L
466,ABCDEHJL,C,D,H,E,B,A,J,L
467,ABCDEHJK,C,D,H,K,B,A,J,E
468,ABCDEHIL,C,D,H,I,B,A,E,L
469,ABCDEHIK,C,D,H,K,B,A,E,I
470,ABCDEHIJ,C,D,H,I,B,A,J,E
471,ABCDEGKL,C,D,E,K,B,A,G,L
472,ABCDEGJL,C,D,E,J,B,A,G,L
473,ABCDEGJK,C,D,E,K,B,A,G,J
474,ABCDEGIL,C,D,E,I,B,A,G,L
475,ABCDEGIK,C,D,E,K,B,A,G,I
476,ABCDEGIJ,C,D,E,J,B,A,G,I
477,ABCDEGHL,C,D,H,E,B,A,G,L
478,ABCDEGHK,C,D,H,K,B,A,G,E
479,ABCDEGHJ,C,D,H,J,B,A,G,E
480,ABCDEGHI,C,D,H,I,B,A,G,E
481,ABCDEFKL,D,F,C,K,B,A,E,L
482,ABCDEFJL,D,F,C,E,B,A,J,L
483,ABCDEFJK,D,F,C,K,B,A,J,E
484,ABCDEFIL,D,F,C,I,B,A,E,L
485,ABCDEFIK,D,F,C,K,B,A,E,I
486,ABCDEFIJ,D,F,C,I,B,A,J,E
487,ABCDEFHL,C,D,H,E,B,A,F,L
488,ABCDEFHK,C,F,H,K,B,A,E,D
489,ABCDEFHJ,C,F,H,E,B,A,J,D
490,ABCDEFHI,C,F,H,I,B,A,E,D
491,ABCDEFGL,D,F,C,E,B,A,G,L
492,ABCDEFGK,D,F,C,K,B,A,G,E
493,ABCDEFGJ,D,F,C,J,B,A,G,E
494,ABCDEFGI,D,F,C,I,B,A,G,E
495,ABCDEFGH,C,F,H,E,B,A,G,D
